Date,Time,Temp1,Temp2,Temp3
2021/6/2, 14:10:5, 25.2500, 25.5000, 25.3125
2021/6/2, 14:10:10, 25.1875, 25.4375, 25.2500
2021/6/2, 14:10:15, 25.2500, 25.5000, 25.3125
2021/6/2, 14:10:20, 25.2500, 25.5000, 25.3125
2021/6/2, 14:10:25, 25.3125, 25.5625, 25.3125
2021/6/2, 14:10:30, 25.3125, 25.5625, 25.3750
2021/6/2, 14:10:35, 25.3750, 25.5625, 25.3750
2021/6/2, 14:10:40, 25.3750, 25.5625, 25.4375
2021/6/2, 14:10:45, 25.3750, 25.5625, 25.4375
2021/6/2, 14:10:50, 25.4375, 25.6250, 25.4375
2021/6/2, 14:10:55, 25.4375, 25.6250, 25.5000
2021/6/2, 14:11:0, 25.4375, 25.6875, 25.5000
2021/6/2, 14:11:5, 25.5000, 25.6875, 25.5625
2021/6/2, 14:11:10, 25.5000, 25.7500, 25.5625
2021/6/2, 14:11:15, 25.5000, 25.6875, 25.5625
2021/6/2, 14:11:20, 25.5625, 25.7500, 25.6250
2021/6/2, 14:11:25, 25.5625, 25.8125, 25.6250
2021/6/2, 14:11:30, 25.5625, 25.8125, 25.6250
2021/6/2, 14:11:35, 25.6250, 25.8125, 25.6875
2021/6/2, 14:11:40, 25.6250, 25.8750, 25.6875
2021/6/2, 14:11:45, 25.6875, 25.8750, 25.7500
2021/6/2, 14:11:50, 25.6875, 25.8750, 25.7500
2021/6/2, 14:11:55, 25.6875, 25.8750, 25.7500
2021/6/2, 14:12:0, 25.7500, 25.8750, 25.7500
2021/6/2, 14:12:5, 25.7500, 25.9375, 25.8125
2021/6/2, 14:12:10, 25.7500, 25.9375, 25.8125
2021/6/2, 14:12:15, 25.8125, 26.0000, 25.8750
2021/6/2, 14:12:20, 25.7500, 26.0000, 25.8750
2021/6/2, 14:12:25, 25.8750, 26.0625, 25.8750
2021/6/2, 14:12:30, 25.8750, 26.1250, 25.9375
2021/6/2, 14:12:35, 25.8750, 26.1250, 25.9375
2021/6/2, 14:12:40, 25.8750, 26.1250, 25.9375
2021/6/2, 14:12:45, 25.9375, 26.1250, 25.9375
2021/6/2, 14:12:50, 25.9375, 26.1250, 26.0000
2021/6/2, 14:12:55, 25.9375, 26.1250, 26.0000
2021/6/2, 14:13:0, 25.9375, 26.1875, 26.0000
2021/6/2, 14:13:5, 26.0000, 26.1875, 26.0625
2021/6/2, 14:13:10, 26.0000, 26.2500, 26.1250
2021/6/2, 14:13:15, 26.0625, 26.3125, 26.1250
2021/6/2, 14:13:20, 26.0625, 26.3125, 26.1250
2021/6/2, 14:13:25, 26.0625, 26.3125, 26.1250
2021/6/2, 14:13:30, 26.0625, 26.3125, 26.1875
2021/6/2, 14:13:35, 26.1875, 26.3125, 26.1875
2021/6/2, 14:13:40, 26.1875, 26.3750, 26.1875
2021/6/2, 14:13:45, 26.1875, 26.3750, 26.2500
2021/6/2, 14:13:50, 26.1875, 26.4375, 26.2500
2021/6/2, 14:13:55, 26.2500, 26.4375, 26.2500
2021/6/2, 14:14:0, 26.2500, 26.4375, 26.2500
2021/6/2, 14:14:5, 26.2500, 26.5000, 26.3125
2021/6/2, 14:14:10, 26.3125, 26.5000, 26.3750
2021/6/2, 14:14:15, 26.2500, 26.5000, 26.3750
2021/6/2, 14:14:20, 26.3125, 26.5625, 26.3750
2021/6/2, 14:14:25, 26.3750, 26.5625, 26.3750
2021/6/2, 14:14:30, 26.3750, 26.6250, 26.4375
2021/6/2, 14:14:35, 26.3750, 26.6250, 26.4375
2021/6/2, 14:14:40, 26.3750, 26.6875, 26.5000
2021/6/2, 14:14:45, 26.4375, 26.6250, 26.5000
2021/6/2, 14:14:50, 26.4375, 26.6250, 26.5000
2021/6/2, 14:14:55, 26.5000, 26.6875, 26.5000
2021/6/2, 14:15:0, 26.5000, 26.6875, 26.5625
2021/6/2, 14:15:5, 26.5000, 26.7500, 26.5625
2021/6/2, 14:15:10, 26.5625, 26.7500, 26.6250
2021/6/2, 14:15:15, 26.5625, 26.8125, 26.6875
2021/6/2, 14:15:20, 26.5625, 26.8125, 26.6875
2021/6/2, 14:15:25, 26.6250, 26.8125, 26.6875
2021/6/2, 14:15:30, 26.6250, 26.8750, 26.6875
2021/6/2, 14:15:35, 26.6875, 26.8750, 26.6875
2021/6/2, 14:15:40, 26.6875, 26.9375, 26.7500
2021/6/2, 14:15:45, 26.6875, 26.8750, 26.7500
2021/6/2, 14:15:50, 26.7500, 26.9375, 26.7500
2021/6/2, 14:15:55, 26.7500, 26.9375, 26.7500
2021/6/2, 14:16:0, 26.7500, 27.0000, 26.8125
2021/6/2, 14:16:5, 26.7500, 27.0000, 26.8750
2021/6/2, 14:16:10, 26.8125, 27.0000, 26.8750
2021/6/2, 14:16:15, 26.8750, 27.0000, 26.9375
2021/6/2, 14:16:20, 26.8750, 27.0625, 26.8750
2021/6/2, 14:16:25, 26.8125, 27.0625, 26.9375
2021/6/2, 14:16:30, 26.9375, 27.1250, 27.0000
2021/6/2, 14:16:35, 26.9375, 27.1250, 27.0000
2021/6/2, 14:16:40, 26.8750, 27.1875, 27.0000
2021/6/2, 14:16:45, 26.9375, 27.1875, 27.0000
2021/6/2, 14:16:50, 26.9375, 27.1875, 27.0625
2021/6/2, 14:16:55, 27.0000, 27.2500, 27.0625
2021/6/2, 14:17:0, 27.0625, 27.2500, 27.1250
2021/6/2, 14:17:5, 27.0625, 27.2500, 27.1250
2021/6/2, 14:17:10, 27.0625, 27.3125, 27.1250
2021/6/2, 14:17:15, 27.1250, 27.3125, 27.1875
2021/6/2, 14:17:20, 27.1250, 27.3750, 27.1875
2021/6/2, 14:17:25, 27.1250, 27.3125, 27.1875
2021/6/2, 14:17:30, 27.1875, 27.3750, 27.1875
2021/6/2, 14:17:35, 27.1875, 27.3750, 27.2500
2021/6/2, 14:17:40, 27.2500, 27.4375, 27.2500
2021/6/2, 14:17:45, 27.2500, 27.4375, 27.3125
2021/6/2, 14:17:50, 27.2500, 27.5000, 27.3750
2021/6/2, 14:17:55, 27.2500, 27.5000, 27.3750
2021/6/2, 14:18:0, 27.2500, 27.5000, 27.3125
2021/6/2, 14:18:5, 27.3125, 27.5000, 27.3750
2021/6/2, 14:18:10, 27.3125, 27.5625, 27.3750
2021/6/2, 14:18:15, 27.3750, 27.5625, 27.3750
2021/6/2, 14:18:20, 27.3750, 27.5625, 27.4375
2021/6/2, 14:18:25, 27.3750, 27.5625, 27.4375
2021/6/2, 14:18:30, 27.4375, 27.6250, 27.5000
2021/6/2, 14:18:35, 27.4375, 27.6250, 27.5000
2021/6/2, 14:18:40, 27.4375, 27.6875, 27.5000
2021/6/2, 14:18:45, 27.5000, 27.6875, 27.5625
2021/6/2, 14:18:50, 27.5000, 27.7500, 27.5625
2021/6/2, 14:18:55, 27.5000, 27.7500, 27.5625
2021/6/2, 14:19:0, 27.5625, 27.8125, 27.5625
2021/6/2, 14:19:5, 27.5625, 27.7500, 27.6250
2021/6/2, 14:19:10, 27.5625, 27.8125, 27.6250
2021/6/2, 14:19:15, 27.5625, 27.8750, 27.6250
2021/6/2, 14:19:20, 27.6250, 27.8750, 27.6875
2021/6/2, 14:19:25, 27.6875, 27.8750, 27.6875
2021/6/2, 14:19:30, 27.7500, 27.8750, 27.7500
2021/6/2, 14:19:35, 27.6875, 27.9375, 27.7500
2021/6/2, 14:19:40, 27.6875, 27.8750, 27.7500
2021/6/2, 14:19:45, 27.7500, 27.9375, 27.8125
2021/6/2, 14:19:50, 27.7500, 28.0000, 27.8125
2021/6/2, 14:19:55, 27.7500, 28.0000, 27.8125
2021/6/2, 14:20:0, 27.7500, 28.0625, 27.8750
2021/6/2, 14:20:5, 27.8125, 28.0625, 27.9375
2021/6/2, 14:20:10, 27.8125, 28.0625, 27.8750
2021/6/2, 14:20:15, 27.8750, 28.1250, 27.9375
2021/6/2, 14:20:20, 27.8750, 28.1250, 27.9375
2021/6/2, 14:20:25, 27.8750, 28.1250, 28.0000
2021/6/2, 14:20:30, 27.9375, 28.1250, 28.0000
2021/6/2, 14:20:35, 27.9375, 28.1875, 28.0000
2021/6/2, 14:20:40, 27.9375, 28.1250, 28.0000
2021/6/2, 14:20:45, 28.0000, 28.1875, 28.0625
2021/6/2, 14:20:50, 28.0000, 28.2500, 28.0625
2021/6/2, 14:20:55, 28.0000, 28.2500, 28.0625
2021/6/2, 14:21:0, 28.0000, 28.2500, 28.1250
2021/6/2, 14:21:5, 28.0625, 28.2500, 28.1250
2021/6/2, 14:21:10, 28.1250, 28.3125, 28.1875
2021/6/2, 14:21:15, 28.1250, 28.3125, 28.1875
2021/6/2, 14:21:20, 28.1250, 28.3750, 28.2500
2021/6/2, 14:21:25, 28.1250, 28.3750, 28.2500
2021/6/2, 14:21:30, 28.2500, 28.3750, 28.2500
2021/6/2, 14:21:35, 28.1875, 28.3750, 28.2500
2021/6/2, 14:21:40, 28.2500, 28.4375, 28.3125
2021/6/2, 14:21:45, 28.2500, 28.5000, 28.3125
2021/6/2, 14:21:50, 28.2500, 28.4375, 28.3125
2021/6/2, 14:21:55, 28.2500, 28.5625, 28.3125
2021/6/2, 14:22:0, 28.3125, 28.5000, 28.3750
2021/6/2, 14:22:5, 28.3125, 28.5000, 28.3750
2021/6/2, 14:22:10, 28.3750, 28.5625, 28.3750
2021/6/2, 14:22:15, 28.3750, 28.6250, 28.4375
2021/6/2, 14:22:20, 28.3750, 28.6250, 28.5000
2021/6/2, 14:22:25, 28.3750, 28.6250, 28.5000
2021/6/2, 14:22:30, 28.4375, 28.6875, 28.5000
2021/6/2, 14:22:35, 28.4375, 28.6250, 28.5000
2021/6/2, 14:22:40, 28.4375, 28.6875, 28.5625
2021/6/2, 14:22:45, 28.5000, 28.7500, 28.5625
2021/6/2, 14:22:50, 28.5000, 28.7500, 28.5625
2021/6/2, 14:22:55, 28.5625, 28.7500, 28.5625
2021/6/2, 14:23:0, 28.5625, 28.7500, 28.6250
2021/6/2, 14:23:5, 28.5625, 28.7500, 28.6250
2021/6/2, 14:23:10, 28.6250, 28.8125, 28.6250
2021/6/2, 14:23:15, 28.6250, 28.8125, 28.6875
2021/6/2, 14:23:20, 28.6250, 28.8750, 28.6875
2021/6/2, 14:23:25, 28.6875, 28.9375, 28.7500
2021/6/2, 14:23:30, 28.6875, 28.9375, 28.7500
2021/6/2, 14:23:35, 28.6875, 28.9375, 28.7500
2021/6/2, 14:23:40, 28.7500, 28.9375, 28.7500
2021/6/2, 14:23:45, 28.7500, 29.0000, 28.8125
2021/6/2, 14:23:50, 28.7500, 29.0000, 28.8125
2021/6/2, 14:23:55, 28.8125, 29.0000, 28.8125
2021/6/2, 14:24:0, 28.8750, 29.0000, 28.8750
2021/6/2, 14:24:5, 28.8125, 29.0625, 28.9375
2021/6/2, 14:24:10, 28.8750, 29.1250, 28.9375
2021/6/2, 14:24:15, 28.8750, 29.1250, 28.9375
2021/6/2, 14:24:20, 28.9375, 29.1250, 29.0000
2021/6/2, 14:24:25, 28.9375, 29.1875, 29.0000
2021/6/2, 14:24:30, 28.9375, 29.1250, 29.0000
2021/6/2, 14:24:35, 28.9375, 29.1250, 29.0625
2021/6/2, 14:24:40, 29.0000, 29.2500, 29.0625
2021/6/2, 14:24:45, 29.0000, 29.2500, 29.0625
2021/6/2, 14:24:50, 29.0000, 29.1875, 29.0625
2021/6/2, 14:24:55, 29.0625, 29.2500, 29.0625
2021/6/2, 14:25:0, 29.0625, 29.2500, 29.1250
2021/6/2, 14:25:5, 29.0625, 29.3125, 29.1875
2021/6/2, 14:25:10, 29.0625, 29.3750, 29.1250
2021/6/2, 14:25:15, 29.1250, 29.3750, 29.1875
2021/6/2, 14:25:20, 29.1250, 29.3750, 29.1875
2021/6/2, 14:25:25, 29.1250, 29.3750, 29.2500
2021/6/2, 14:25:30, 29.1875, 29.4375, 29.3125
2021/6/2, 14:25:35, 29.1875, 29.4375, 29.2500
2021/6/2, 14:25:40, 29.2500, 29.4375, 29.3125
2021/6/2, 14:25:45, 29.2500, 29.5000, 29.3125
2021/6/2, 14:25:50, 29.2500, 29.5000, 29.3125
2021/6/2, 14:25:55, 29.2500, 29.5000, 29.3125
2021/6/2, 14:26:0, 29.2500, 29.5000, 29.4375
2021/6/2, 14:26:5, 29.3125, 29.5000, 29.3750
2021/6/2, 14:26:10, 29.3125, 29.5625, 29.4375
2021/6/2, 14:26:15, 29.3750, 29.5625, 29.4375
2021/6/2, 14:26:20, 29.3750, 29.6250, 29.4375
2021/6/2, 14:26:25, 29.4375, 29.6250, 29.4375
2021/6/2, 14:26:30, 29.4375, 29.6250, 29.5000
2021/6/2, 14:26:35, 29.4375, 29.6875, 29.5000
2021/6/2, 14:26:40, 29.4375, 29.6875, 29.5625
2021/6/2, 14:26:45, 29.5000, 29.7500, 29.5625
2021/6/2, 14:26:50, 29.5000, 29.7500, 29.5625
2021/6/2, 14:26:55, 29.5625, 29.7500, 29.6250
2021/6/2, 14:27:0, 29.5625, 29.7500, 29.6250
2021/6/2, 14:27:5, 29.5625, 29.7500, 29.6875
2021/6/2, 14:27:10, 29.6250, 29.8125, 29.6250
2021/6/2, 14:27:15, 29.6250, 29.7500, 29.6875
2021/6/2, 14:27:20, 29.6250, 29.8125, 29.7500
2021/6/2, 14:27:25, 29.6250, 29.8750, 29.6875
2021/6/2, 14:27:30, 29.6875, 29.8750, 29.6875
2021/6/2, 14:27:35, 29.7500, 29.8750, 29.7500
2021/6/2, 14:27:40, 29.6875, 29.8750, 29.8125
2021/6/2, 14:27:45, 29.7500, 29.9375, 29.7500
2021/6/2, 14:27:50, 29.8125, 29.8750, 29.8125
2021/6/2, 14:27:55, 29.8125, 29.9375, 29.8750
2021/6/2, 14:28:0, 29.8125, 30.0000, 29.8750
2021/6/2, 14:28:5, 29.8125, 29.9375, 29.8750
2021/6/2, 14:28:10, 29.8125, 30.0000, 29.9375
2021/6/2, 14:28:15, 29.8750, 30.0625, 29.9375
2021/6/2, 14:28:20, 29.8750, 30.0625, 29.9375
2021/6/2, 14:28:25, 29.9375, 30.0625, 30.0000
2021/6/2, 14:28:30, 29.9375, 30.1250, 30.0000
2021/6/2, 14:28:35, 29.9375, 30.1250, 30.0000
2021/6/2, 14:28:40, 30.0000, 30.1250, 30.0625
2021/6/2, 14:28:45, 30.0000, 30.1250, 30.0625
2021/6/2, 14:28:50, 30.0625, 30.1875, 30.0625
2021/6/2, 14:28:55, 30.0000, 30.2500, 30.0625
2021/6/2, 14:29:0, 30.0000, 30.2500, 30.0625
2021/6/2, 14:29:5, 30.0625, 30.2500, 30.1250
2021/6/2, 14:29:10, 30.0625, 30.2500, 30.1250
2021/6/2, 14:29:15, 30.1250, 30.2500, 30.1250
2021/6/2, 14:29:20, 30.1250, 30.3125, 30.2500
2021/6/2, 14:29:25, 30.1250, 30.3125, 30.1875
2021/6/2, 14:29:30, 30.1875, 30.3125, 30.1875
2021/6/2, 14:29:35, 30.1875, 30.3750, 30.2500
2021/6/2, 14:29:40, 30.1875, 30.3750, 30.2500
2021/6/2, 14:29:45, 30.2500, 30.3750, 30.3125
2021/6/2, 14:29:50, 30.2500, 30.4375, 30.3125
2021/6/2, 14:29:55, 30.3125, 30.4375, 30.3125
2021/6/2, 14:30:0, 30.3125, 30.5000, 30.3750
2021/6/2, 14:30:5, 30.3125, 30.5000, 30.3750
2021/6/2, 14:30:10, 30.3750, 30.5000, 30.3750
2021/6/2, 14:30:15, 30.3750, 30.5000, 30.4375
2021/6/2, 14:30:20, 30.3750, 30.5625, 30.4375
2021/6/2, 14:30:25, 30.4375, 30.5625, 30.4375
2021/6/2, 14:30:30, 30.4375, 30.5625, 30.4375
2021/6/2, 14:30:35, 30.4375, 30.6250, 30.5000
2021/6/2, 14:30:40, 30.4375, 30.6250, 30.5000
2021/6/2, 14:30:45, 30.5000, 30.6250, 30.5000
2021/6/2, 14:30:50, 30.4375, 30.6875, 30.5625
2021/6/2, 14:30:55, 30.5000, 30.7500, 30.5625
2021/6/2, 14:31:0, 30.5000, 30.6875, 30.6250
2021/6/2, 14:31:5, 30.5625, 30.7500, 30.6250
2021/6/2, 14:31:10, 30.5625, 30.7500, 30.6250
2021/6/2, 14:31:15, 30.6250, 30.8125, 30.6250
2021/6/2, 14:31:20, 30.6250, 30.8125, 30.6875
2021/6/2, 14:31:25, 30.6250, 30.8125, 30.7500
2021/6/2, 14:31:30, 30.6875, 30.8750, 30.6875
2021/6/2, 14:31:35, 30.6875, 30.8750, 30.6875
2021/6/2, 14:31:40, 30.6875, 30.9375, 30.7500
2021/6/2, 14:31:45, 30.6875, 30.9375, 30.7500
2021/6/2, 14:31:50, 30.7500, 30.9375, 30.7500
2021/6/2, 14:31:55, 30.7500, 30.9375, 30.8125
2021/6/2, 14:32:0, 30.7500, 30.9375, 30.8750
2021/6/2, 14:32:5, 30.7500, 31.0000, 30.8125
2021/6/2, 14:32:10, 30.8125, 31.0000, 30.8750
2021/6/2, 14:32:15, 30.8125, 31.0000, 30.8750
2021/6/2, 14:32:20, 30.8750, 31.0625, 30.8750
2021/6/2, 14:32:25, 30.8750, 31.0625, 30.9375
2021/6/2, 14:32:30, 30.9375, 31.1250, 30.9375
2021/6/2, 14:32:35, 30.9375, 31.1250, 31.0000
2021/6/2, 14:32:40, 30.9375, 31.1250, 31.0000
2021/6/2, 14:32:45, 30.9375, 31.1250, 31.0000
2021/6/2, 14:32:50, 31.0000, 31.1250, 31.0625
2021/6/2, 14:32:55, 31.0000, 31.1875, 31.1250
2021/6/2, 14:33:0, 31.0000, 31.1875, 31.0625
2021/6/2, 14:33:5, 31.0000, 31.1875, 31.1250
2021/6/2, 14:33:10, 31.0000, 31.2500, 31.1250
2021/6/2, 14:33:15, 31.0625, 31.3125, 31.1875
2021/6/2, 14:33:20, 31.1250, 31.3125, 31.1250
2021/6/2, 14:33:25, 31.1250, 31.3750, 31.1875
2021/6/2, 14:33:30, 31.1250, 31.3125, 31.1875
2021/6/2, 14:33:35, 31.1250, 31.3750, 31.2500
2021/6/2, 14:33:40, 31.1875, 31.3750, 31.2500
2021/6/2, 14:33:45, 31.1875, 31.3750, 31.2500
2021/6/2, 14:33:50, 31.2500, 31.4375, 31.3125
2021/6/2, 14:33:55, 31.2500, 31.5000, 31.3125
2021/6/2, 14:34:0, 31.2500, 31.5000, 31.3125
2021/6/2, 14:34:5, 31.3125, 31.4375, 31.3125
2021/6/2, 14:34:10, 31.2500, 31.5000, 31.3125
2021/6/2, 14:34:15, 31.3125, 31.5000, 31.3750
2021/6/2, 14:34:20, 31.3125, 31.5000, 31.3750
2021/6/2, 14:34:25, 31.3750, 31.5625, 31.4375
2021/6/2, 14:34:30, 31.3750, 31.5625, 31.4375
2021/6/2, 14:34:35, 31.3750, 31.6250, 31.5000
2021/6/2, 14:34:40, 31.4375, 31.6250, 31.4375
2021/6/2, 14:34:45, 31.4375, 31.6250, 31.5000
2021/6/2, 14:34:50, 31.4375, 31.6875, 31.5000
2021/6/2, 14:34:55, 31.5000, 31.6875, 31.5625
2021/6/2, 14:35:0, 31.5000, 31.6875, 31.5000
2021/6/2, 14:35:5, 31.5000, 31.7500, 31.6250
2021/6/2, 14:35:10, 31.5625, 31.7500, 31.6250
2021/6/2, 14:35:15, 31.5625, 31.7500, 31.5625
2021/6/2, 14:35:20, 31.5625, 31.7500, 31.6875
2021/6/2, 14:35:25, 31.6250, 31.7500, 31.6250
2021/6/2, 14:35:30, 31.6250, 31.7500, 31.6875
2021/6/2, 14:35:35, 31.6250, 31.8125, 31.6875
2021/6/2, 14:35:40, 31.6250, 31.8750, 31.7500
2021/6/2, 14:35:45, 31.6875, 31.8750, 31.7500
2021/6/2, 14:35:50, 31.6875, 31.8750, 31.7500
2021/6/2, 14:35:55, 31.6875, 31.8750, 31.7500
2021/6/2, 14:36:0, 31.7500, 31.9375, 31.8125
2021/6/2, 14:36:5, 31.7500, 31.9375, 31.8125
2021/6/2, 14:36:10, 31.7500, 32.0000, 31.8125
2021/6/2, 14:36:15, 31.8125, 32.0000, 31.8125
2021/6/2, 14:36:20, 31.8125, 32.0000, 31.8750
2021/6/2, 14:36:25, 31.8125, 32.0000, 31.8750
2021/6/2, 14:36:30, 31.8125, 32.0625, 31.8750
2021/6/2, 14:36:35, 31.8125, 32.0625, 31.8750
2021/6/2, 14:36:40, 31.8750, 32.0625, 31.9375
2021/6/2, 14:36:45, 31.8750, 32.1250, 31.9375
2021/6/2, 14:36:50, 31.8750, 32.1875, 31.9375
2021/6/2, 14:36:55, 31.9375, 32.1250, 32.0000
2021/6/2, 14:37:0, 32.0000, 32.1875, 32.0000
2021/6/2, 14:37:5, 32.0000, 32.1875, 32.0625
2021/6/2, 14:37:10, 31.9375, 32.1875, 32.1250
2021/6/2, 14:37:15, 32.0625, 32.2500, 32.0625
2021/6/2, 14:37:20, 32.0000, 32.2500, 32.0625
2021/6/2, 14:37:25, 32.0000, 32.2500, 32.1250
2021/6/2, 14:37:30, 32.0625, 32.2500, 32.1250
2021/6/2, 14:37:35, 32.1250, 32.2500, 32.1875
2021/6/2, 14:37:40, 32.1250, 32.3125, 32.1875
2021/6/2, 14:37:45, 32.1250, 32.3125, 32.1875
2021/6/2, 14:37:50, 32.1250, 32.3750, 32.1875
2021/6/2, 14:37:55, 32.1875, 32.3750, 32.2500
2021/6/2, 14:38:0, 32.1875, 32.4375, 32.2500
2021/6/2, 14:38:5, 32.1875, 32.4375, 32.2500
2021/6/2, 14:38:10, 32.2500, 32.4375, 32.3125
2021/6/2, 14:38:15, 32.2500, 32.4375, 32.3125
2021/6/2, 14:38:20, 32.3125, 32.4375, 32.3750
2021/6/2, 14:38:25, 32.3125, 32.4375, 32.3750
2021/6/2, 14:38:30, 32.3125, 32.5000, 32.3750
2021/6/2, 14:38:35, 32.3125, 32.5625, 32.3750
2021/6/2, 14:38:40, 32.3125, 32.5625, 32.4375
2021/6/2, 14:38:45, 32.3750, 32.5625, 32.4375
2021/6/2, 14:38:50, 32.3125, 32.5625, 32.5000
2021/6/2, 14:38:55, 32.3750, 32.5625, 32.5000
2021/6/2, 14:39:0, 32.3750, 32.6250, 32.5000
2021/6/2, 14:39:5, 32.4375, 32.6875, 32.5000
2021/6/2, 14:39:10, 32.4375, 32.6250, 32.5000
2021/6/2, 14:39:15, 32.4375, 32.6875, 32.5625
2021/6/2, 14:39:20, 32.5000, 32.7500, 32.5625
2021/6/2, 14:39:25, 32.5000, 32.7500, 32.6250
2021/6/2, 14:39:30, 32.5625, 32.7500, 32.6250
2021/6/2, 14:39:35, 32.5625, 32.7500, 32.6250
2021/6/2, 14:39:40, 32.5625, 32.7500, 32.6875
2021/6/2, 14:39:45, 32.6250, 32.8125, 32.6875
2021/6/2, 14:39:50, 32.6250, 32.8125, 32.6875
2021/6/2, 14:39:55, 32.6250, 32.8125, 32.6875
2021/6/2, 14:40:0, 32.6250, 32.8125, 32.7500
2021/6/2, 14:40:5, 32.6875, 32.8125, 32.7500
2021/6/2, 14:40:10, 32.6875, 32.8750, 32.7500
2021/6/2, 14:40:15, 32.6875, 32.9375, 32.7500
2021/6/2, 14:40:20, 32.6875, 32.9375, 32.8125
2021/6/2, 14:40:25, 32.6875, 32.9375, 32.8125
2021/6/2, 14:40:30, 32.7500, 32.9375, 32.8750
2021/6/2, 14:40:35, 32.7500, 33.0000, 32.8750
2021/6/2, 14:40:40, 32.8125, 32.9375, 32.8750
2021/6/2, 14:40:45, 32.8125, 33.0000, 32.8750
2021/6/2, 14:40:50, 32.8750, 33.0625, 32.8750
2021/6/2, 14:40:55, 32.8750, 33.1250, 32.9375
2021/6/2, 14:41:0, 32.8750, 33.0625, 32.9375
2021/6/2, 14:41:5, 32.8750, 33.1250, 32.9375
2021/6/2, 14:41:10, 32.9375, 33.1250, 33.0000
2021/6/2, 14:41:15, 32.9375, 33.1250, 33.0000
2021/6/2, 14:41:20, 32.9375, 33.1250, 33.0000
2021/6/2, 14:41:25, 33.0000, 33.1875, 33.0625
2021/6/2, 14:41:30, 32.9375, 33.1875, 33.0625
2021/6/2, 14:41:35, 33.0000, 33.2500, 33.0625
2021/6/2, 14:41:40, 33.0000, 33.2500, 33.0625
2021/6/2, 14:41:45, 33.0625, 33.2500, 33.1250
2021/6/2, 14:41:50, 33.0625, 33.2500, 33.1250
2021/6/2, 14:41:55, 33.0625, 33.2500, 33.1250
2021/6/2, 14:42:0, 33.1250, 33.2500, 33.1875
2021/6/2, 14:42:5, 33.1250, 33.3125, 33.1875
2021/6/2, 14:42:10, 33.1250, 33.3125, 33.1875
2021/6/2, 14:42:15, 33.1875, 33.3125, 33.1875
2021/6/2, 14:42:20, 33.1875, 33.3750, 33.2500
2021/6/2, 14:42:25, 33.2500, 33.3750, 33.2500
2021/6/2, 14:42:30, 33.1875, 33.4375, 33.2500
2021/6/2, 14:42:35, 33.1875, 33.4375, 33.3125
2021/6/2, 14:42:40, 33.2500, 33.4375, 33.3125
2021/6/2, 14:42:45, 33.2500, 33.4375, 33.3125
2021/6/2, 14:42:50, 33.2500, 33.4375, 33.3750
2021/6/2, 14:42:55, 33.2500, 33.5000, 33.3125
2021/6/2, 14:43:0, 33.3125, 33.5000, 33.3750
2021/6/2, 14:43:5, 33.3750, 33.5000, 33.3750
2021/6/2, 14:43:10, 33.3750, 33.5625, 33.4375
2021/6/2, 14:43:15, 33.3750, 33.5625, 33.4375
2021/6/2, 14:43:20, 33.4375, 33.6250, 33.5000
2021/6/2, 14:43:25, 33.4375, 33.5625, 33.5000
2021/6/2, 14:43:30, 33.5000, 33.6250, 33.5000
2021/6/2, 14:43:35, 33.5000, 33.6250, 33.5000
2021/6/2, 14:43:40, 33.5000, 33.6875, 33.5000
2021/6/2, 14:43:45, 33.5625, 33.6875, 33.5000
2021/6/2, 14:43:50, 33.5625, 33.6875, 33.5625
2021/6/2, 14:43:55, 33.5000, 33.7500, 33.5625
2021/6/2, 14:44:0, 33.5625, 33.6875, 33.6250
2021/6/2, 14:44:5, 33.6250, 33.7500, 33.6250
2021/6/2, 14:44:10, 33.5625, 33.7500, 33.6250
2021/6/2, 14:44:15, 33.6250, 33.8125, 33.6250
2021/6/2, 14:44:20, 33.6250, 33.8125, 33.6875
2021/6/2, 14:44:25, 33.6875, 33.8125, 33.6875
2021/6/2, 14:44:30, 33.6250, 33.8750, 33.6875
2021/6/2, 14:44:35, 33.6875, 33.8750, 33.6875
2021/6/2, 14:44:40, 33.7500, 33.8750, 33.7500
2021/6/2, 14:44:45, 33.6875, 33.8750, 33.7500
2021/6/2, 14:44:50, 33.8125, 33.8750, 33.7500
2021/6/2, 14:44:55, 33.8125, 33.9375, 33.8125
2021/6/2, 14:45:0, 33.8125, 33.9375, 33.8125
2021/6/2, 14:45:5, 33.8750, 33.9375, 33.8125
2021/6/2, 14:45:10, 33.8750, 34.0000, 33.8750
2021/6/2, 14:45:15, 33.8750, 34.0000, 33.8125
2021/6/2, 14:45:20, 33.9375, 34.0000, 33.8750
2021/6/2, 14:45:25, 34.0000, 34.0625, 33.8750
2021/6/2, 14:45:30, 33.9375, 34.0625, 33.8750
2021/6/2, 14:45:35, 34.0000, 34.0625, 33.9375
2021/6/2, 14:45:40, 34.0000, 34.1250, 33.9375
2021/6/2, 14:45:45, 34.0000, 34.1250, 33.9375
2021/6/2, 14:45:50, 34.0625, 34.1250, 34.0000
2021/6/2, 14:45:55, 34.0625, 34.1875, 34.0000
2021/6/2, 14:46:0, 34.0625, 34.1875, 34.0625
2021/6/2, 14:46:5, 34.0625, 34.1875, 34.0625
2021/6/2, 14:46:10, 34.1250, 34.1875, 34.0625
2021/6/2, 14:46:15, 34.1250, 34.2500, 34.0625
2021/6/2, 14:46:20, 34.1875, 34.2500, 34.1250
2021/6/2, 14:46:25, 34.1250, 34.3125, 34.1250
2021/6/2, 14:46:30, 34.1875, 34.2500, 34.1250
2021/6/2, 14:46:35, 34.2500, 34.3125, 34.1875
2021/6/2, 14:46:40, 34.2500, 34.3125, 34.1875
2021/6/2, 14:46:45, 34.2500, 34.3125, 34.2500
2021/6/2, 14:46:50, 34.2500, 34.3750, 34.2500
2021/6/2, 14:46:55, 34.2500, 34.4375, 34.2500
2021/6/2, 14:47:0, 34.3125, 34.3750, 34.2500
2021/6/2, 14:47:5, 34.3125, 34.4375, 34.2500
2021/6/2, 14:47:10, 34.3125, 34.4375, 34.3125
2021/6/2, 14:47:15, 34.3125, 34.4375, 34.3125
2021/6/2, 14:47:20, 34.3750, 34.4375, 34.3125
2021/6/2, 14:47:25, 34.3750, 34.5000, 34.3750
2021/6/2, 14:47:30, 34.4375, 34.5000, 34.3750
2021/6/2, 14:47:35, 34.4375, 34.5000, 34.4375
2021/6/2, 14:47:40, 34.4375, 34.5000, 34.3750
2021/6/2, 14:47:45, 34.4375, 34.5625, 34.4375
2021/6/2, 14:47:50, 34.5000, 34.5625, 34.4375
2021/6/2, 14:47:55, 34.5000, 34.6250, 34.4375
2021/6/2, 14:48:0, 34.5000, 34.6250, 34.4375
2021/6/2, 14:48:5, 34.5000, 34.6250, 34.5000
2021/6/2, 14:48:10, 34.5000, 34.6875, 34.5000
2021/6/2, 14:48:15, 34.5625, 34.6250, 34.5000
2021/6/2, 14:48:20, 34.5625, 34.6875, 34.5000
2021/6/2, 14:48:25, 34.5625, 34.6875, 34.5625
2021/6/2, 14:48:30, 34.5625, 34.6875, 34.5000
2021/6/2, 14:48:35, 34.6250, 34.7500, 34.5625
2021/6/2, 14:48:40, 34.6250, 34.7500, 34.6250
2021/6/2, 14:48:45, 34.6250, 34.7500, 34.6250
2021/6/2, 14:48:50, 34.6250, 34.8125, 34.6250
2021/6/2, 14:48:55, 34.6875, 34.7500, 34.6250
2021/6/2, 14:49:0, 34.6875, 34.8125, 34.6875
2021/6/2, 14:49:5, 34.6875, 34.8125, 34.6875
2021/6/2, 14:49:10, 34.6875, 34.8125, 34.6875
2021/6/2, 14:49:15, 34.7500, 34.8750, 34.7500
2021/6/2, 14:49:20, 34.7500, 34.8750, 34.6875
2021/6/2, 14:49:25, 34.7500, 34.9375, 34.7500
2021/6/2, 14:49:30, 34.8125, 34.8750, 34.7500
2021/6/2, 14:49:35, 34.7500, 34.9375, 34.7500
2021/6/2, 14:49:40, 34.8125, 35.0000, 34.8125
2021/6/2, 14:49:45, 34.8125, 35.0000, 34.8750
2021/6/2, 14:49:50, 34.8750, 35.0000, 34.8125
2021/6/2, 14:49:55, 34.8750, 35.0625, 34.8125
2021/6/2, 14:50:0, 34.9375, 35.0000, 34.8750
2021/6/2, 14:50:5, 34.8750, 35.0625, 34.8750
2021/6/2, 14:50:10, 34.9375, 35.0625, 34.9375
2021/6/2, 14:50:15, 34.9375, 35.1250, 34.9375
2021/6/2, 14:50:20, 34.8750, 35.1250, 34.9375
2021/6/2, 14:50:25, 35.0000, 35.0625, 34.9375
2021/6/2, 14:50:30, 35.0000, 35.1250, 35.0000
2021/6/2, 14:50:35, 34.9375, 35.1250, 35.0000
2021/6/2, 14:50:40, 35.0000, 35.1875, 35.0625
2021/6/2, 14:50:45, 35.0000, 35.1875, 35.0000
2021/6/2, 14:50:50, 35.0625, 35.2500, 35.0625
2021/6/2, 14:50:55, 35.0625, 35.2500, 35.0625
2021/6/2, 14:51:0, 35.0625, 35.3125, 35.0625
2021/6/2, 14:51:5, 35.1250, 35.2500, 35.0625
2021/6/2, 14:51:10, 35.1250, 35.2500, 35.1250
2021/6/2, 14:51:15, 35.1250, 35.3125, 35.1250
2021/6/2, 14:51:20, 35.1250, 35.3125, 35.1875
2021/6/2, 14:51:25, 35.1250, 35.3750, 35.1875
2021/6/2, 14:51:30, 35.1875, 35.3750, 35.1875
2021/6/2, 14:51:35, 35.1875, 35.3750, 35.1875
2021/6/2, 14:51:40, 35.2500, 35.3750, 35.2500
2021/6/2, 14:51:45, 35.2500, 35.4375, 35.2500
2021/6/2, 14:51:50, 35.2500, 35.4375, 35.3125
2021/6/2, 14:51:55, 35.3125, 35.4375, 35.2500
2021/6/2, 14:52:0, 35.2500, 35.4375, 35.3750
2021/6/2, 14:52:5, 35.3125, 35.5000, 35.3125
2021/6/2, 14:52:10, 35.3125, 35.5000, 35.3125
2021/6/2, 14:52:15, 35.3125, 35.5000, 35.3750
2021/6/2, 14:52:20, 35.3750, 35.5625, 35.3750
2021/6/2, 14:52:25, 35.3750, 35.5000, 35.3750
2021/6/2, 14:52:30, 35.3750, 35.5625, 35.3750
2021/6/2, 14:52:35, 35.4375, 35.6250, 35.4375
2021/6/2, 14:52:40, 35.4375, 35.6250, 35.4375
2021/6/2, 14:52:45, 35.5000, 35.6250, 35.4375
2021/6/2, 14:52:50, 35.4375, 35.6250, 35.5000
2021/6/2, 14:52:55, 35.5000, 35.6250, 35.4375
2021/6/2, 14:53:0, 35.5000, 35.6250, 35.4375
2021/6/2, 14:53:5, 35.5000, 35.6875, 35.5000
2021/6/2, 14:53:10, 35.5625, 35.6875, 35.6250
2021/6/2, 14:53:15, 35.6250, 35.6875, 35.5625
2021/6/2, 14:53:20, 35.5625, 35.6875, 35.6250
2021/6/2, 14:53:25, 35.6250, 35.7500, 35.5625
2021/6/2, 14:53:30, 35.6250, 35.7500, 35.5625
2021/6/2, 14:53:35, 35.6250, 35.8125, 35.6250
2021/6/2, 14:53:40, 35.6250, 35.8125, 35.6250
2021/6/2, 14:53:45, 35.6875, 35.8125, 35.6875
2021/6/2, 14:53:50, 35.6875, 35.8125, 35.6250
2021/6/2, 14:53:55, 35.6875, 35.8125, 35.7500
2021/6/2, 14:54:0, 35.7500, 35.8750, 35.6875
2021/6/2, 14:54:5, 35.7500, 35.8750, 35.7500
2021/6/2, 14:54:10, 35.7500, 35.8750, 35.7500
2021/6/2, 14:54:15, 35.8125, 35.8750, 35.7500
2021/6/2, 14:54:20, 35.8125, 35.9375, 35.7500
2021/6/2, 14:54:25, 35.8125, 35.9375, 35.7500
2021/6/2, 14:54:30, 35.8125, 35.9375, 35.8125
2021/6/2, 14:54:35, 35.8750, 36.0000, 35.8125
2021/6/2, 14:54:40, 35.8750, 35.9375, 35.8750
2021/6/2, 14:54:45, 35.8750, 36.0625, 35.8750
2021/6/2, 14:54:50, 35.8750, 36.0625, 35.8750
2021/6/2, 14:54:55, 35.8750, 36.0625, 35.8750
2021/6/2, 14:55:0, 35.8750, 36.0000, 35.8750
2021/6/2, 14:55:5, 35.9375, 36.0625, 35.9375
2021/6/2, 14:55:10, 35.9375, 36.0625, 35.9375
2021/6/2, 14:55:15, 36.0000, 36.0625, 36.0000
2021/6/2, 14:55:20, 36.0000, 36.1250, 36.0000
2021/6/2, 14:55:25, 36.0000, 36.1250, 36.0000
2021/6/2, 14:55:30, 36.0000, 36.1875, 36.0000
2021/6/2, 14:55:35, 36.0625, 36.1875, 36.0625
2021/6/2, 14:55:40, 36.0625, 36.1875, 36.0625
2021/6/2, 14:55:45, 36.0625, 36.1875, 36.1250
2021/6/2, 14:55:50, 36.1250, 36.1875, 36.0625
2021/6/2, 14:55:55, 36.1250, 36.2500, 36.1250
2021/6/2, 14:56:0, 36.0625, 36.2500, 36.1250
2021/6/2, 14:56:5, 36.1875, 36.3125, 36.1875
2021/6/2, 14:56:10, 36.1250, 36.3125, 36.1875
2021/6/2, 14:56:15, 36.1875, 36.3125, 36.1250
2021/6/2, 14:56:20, 36.1875, 36.3125, 36.1875
2021/6/2, 14:56:25, 36.1875, 36.3750, 36.2500
2021/6/2, 14:56:30, 36.1875, 36.3125, 36.1875
2021/6/2, 14:56:35, 36.2500, 36.3750, 36.2500
2021/6/2, 14:56:40, 36.3125, 36.3750, 36.2500
2021/6/2, 14:56:45, 36.2500, 36.4375, 36.2500
2021/6/2, 14:56:50, 36.2500, 36.5000, 36.3125
2021/6/2, 14:56:55, 36.3750, 36.4375, 36.3125
2021/6/2, 14:57:0, 36.3125, 36.5000, 36.3125
2021/6/2, 14:57:5, 36.3125, 36.5000, 36.3750
2021/6/2, 14:57:10, 36.3125, 36.4375, 36.3750
2021/6/2, 14:57:15, 36.3750, 36.5000, 36.3750
2021/6/2, 14:57:20, 36.3125, 36.5000, 36.3750
2021/6/2, 14:57:25, 36.3750, 36.5625, 36.4375
2021/6/2, 14:57:30, 36.4375, 36.5625, 36.3750
2021/6/2, 14:57:35, 36.4375, 36.5625, 36.4375
2021/6/2, 14:57:40, 36.4375, 36.5625, 36.4375
2021/6/2, 14:57:45, 36.5000, 36.6250, 36.5000
2021/6/2, 14:57:50, 36.5000, 36.6250, 36.5000
2021/6/2, 14:57:55, 36.5000, 36.6250, 36.5625
2021/6/2, 14:58:0, 36.5000, 36.6875, 36.5625
2021/6/2, 14:58:5, 36.5625, 36.6875, 36.5625
2021/6/2, 14:58:10, 36.5625, 36.6875, 36.5625
2021/6/2, 14:58:15, 36.5625, 36.6875, 36.5000
2021/6/2, 14:58:20, 36.5625, 36.6875, 36.6250
2021/6/2, 14:58:25, 36.6250, 36.6875, 36.5625
2021/6/2, 14:58:30, 36.5625, 36.7500, 36.6250
2021/6/2, 14:58:35, 36.6250, 36.8125, 36.6875
2021/6/2, 14:58:40, 36.6250, 36.7500, 36.6250
2021/6/2, 14:58:45, 36.6250, 36.8125, 36.6250
2021/6/2, 14:58:50, 36.6875, 36.7500, 36.6875
2021/6/2, 14:58:55, 36.6875, 36.8125, 36.6250
2021/6/2, 14:59:0, 36.6875, 36.8125, 36.6875
2021/6/2, 14:59:5, 36.7500, 36.8750, 36.7500
2021/6/2, 14:59:10, 36.7500, 36.9375, 36.7500
2021/6/2, 14:59:15, 36.7500, 36.8750, 36.7500
2021/6/2, 14:59:20, 36.7500, 36.9375, 36.7500
2021/6/2, 14:59:25, 36.8125, 36.9375, 36.7500
2021/6/2, 14:59:30, 36.8125, 36.9375, 36.8125
2021/6/2, 14:59:35, 36.8125, 36.9375, 36.8125
2021/6/2, 14:59:40, 36.8750, 37.0000, 36.8125
2021/6/2, 14:59:45, 36.8750, 37.0000, 36.8125
2021/6/2, 14:59:50, 36.8750, 37.0000, 36.8750
2021/6/2, 14:59:55, 36.8750, 37.0625, 36.8125
2021/6/2, 15:0:0, 36.9375, 37.0625, 36.8750
2021/6/2, 15:0:5, 36.9375, 37.0625, 36.8750
2021/6/2, 15:0:10, 37.0000, 37.0625, 36.9375
2021/6/2, 15:0:15, 36.9375, 37.1250, 36.8750
2021/6/2, 15:0:20, 37.0000, 37.0625, 36.9375
2021/6/2, 15:0:25, 37.0625, 37.1250, 36.9375
2021/6/2, 15:0:30, 37.0000, 37.1250, 36.9375
2021/6/2, 15:0:35, 37.0000, 37.1250, 37.0000
2021/6/2, 15:0:40, 37.0625, 37.1875, 36.9375
2021/6/2, 15:0:45, 37.0625, 37.2500, 37.0000
2021/6/2, 15:0:50, 37.0625, 37.1875, 37.0000
2021/6/2, 15:0:55, 37.1250, 37.2500, 37.0625
2021/6/2, 15:1:0, 37.1250, 37.2500, 37.0625
2021/6/2, 15:1:5, 37.1250, 37.2500, 37.0625
2021/6/2, 15:1:10, 37.1250, 37.3125, 37.0625
2021/6/2, 15:1:15, 37.1875, 37.2500, 37.0625
2021/6/2, 15:1:20, 37.1875, 37.3125, 37.1875
2021/6/2, 15:1:25, 37.2500, 37.3750, 37.1250
2021/6/2, 15:1:30, 37.2500, 37.3750, 37.1250
2021/6/2, 15:1:35, 37.2500, 37.3750, 37.1250
2021/6/2, 15:1:40, 37.2500, 37.3750, 37.1875
2021/6/2, 15:1:45, 37.2500, 37.4375, 37.1875
2021/6/2, 15:1:50, 37.2500, 37.3750, 37.1875
2021/6/2, 15:1:55, 37.3125, 37.4375, 37.2500
2021/6/2, 15:2:0, 37.3125, 37.4375, 37.2500
2021/6/2, 15:2:5, 37.3750, 37.4375, 37.2500
2021/6/2, 15:2:10, 37.3750, 37.4375, 37.2500
2021/6/2, 15:2:15, 37.3750, 37.5000, 37.2500
2021/6/2, 15:2:20, 37.3750, 37.4375, 37.3125
2021/6/2, 15:2:25, 37.4375, 37.5000, 37.3125
2021/6/2, 15:2:30, 37.4375, 37.5625, 37.3750
2021/6/2, 15:2:35, 37.4375, 37.5000, 37.3750
2021/6/2, 15:2:40, 37.4375, 37.5625, 37.3750
2021/6/2, 15:2:45, 37.4375, 37.5625, 37.4375
2021/6/2, 15:2:50, 37.5000, 37.5625, 37.3750
2021/6/2, 15:2:55, 37.5625, 37.6250, 37.4375
2021/6/2, 15:3:0, 37.5000, 37.6250, 37.4375
2021/6/2, 15:3:5, 37.5000, 37.6875, 37.4375
2021/6/2, 15:3:10, 37.5625, 37.6875, 37.4375
2021/6/2, 15:3:15, 37.5625, 37.6875, 37.4375
2021/6/2, 15:3:20, 37.5625, 37.6875, 37.5000
2021/6/2, 15:3:25, 37.6250, 37.6875, 37.5000
2021/6/2, 15:3:30, 37.6250, 37.7500, 37.5000
2021/6/2, 15:3:35, 37.6250, 37.7500, 37.5000
2021/6/2, 15:3:40, 37.6250, 37.8125, 37.5000
2021/6/2, 15:3:45, 37.6875, 37.8125, 37.5625
2021/6/2, 15:3:50, 37.6875, 37.8125, 37.6250
2021/6/2, 15:3:55, 37.6875, 37.8125, 37.6250
2021/6/2, 15:4:0, 37.7500, 37.8125, 37.6250
2021/6/2, 15:4:5, 37.7500, 37.8750, 37.6250
2021/6/2, 15:4:10, 37.6875, 37.8125, 37.6250
2021/6/2, 15:4:15, 37.8125, 37.8750, 37.6250
2021/6/2, 15:4:20, 37.7500, 37.8750, 37.6875
2021/6/2, 15:4:25, 37.8125, 37.9375, 37.6875
2021/6/2, 15:4:30, 37.8125, 37.9375, 37.6875
2021/6/2, 15:4:35, 37.7500, 37.8750, 37.6875
2021/6/2, 15:4:40, 37.7500, 37.8750, 37.7500
2021/6/2, 15:4:45, 37.8125, 37.9375, 37.6875
2021/6/2, 15:4:50, 37.8125, 37.9375, 37.6875
2021/6/2, 15:4:55, 37.8750, 37.9375, 37.7500
2021/6/2, 15:5:0, 37.8125, 37.9375, 37.6875
2021/6/2, 15:5:5, 37.8750, 37.9375, 37.6875
2021/6/2, 15:5:10, 37.8125, 37.8750, 37.6875
2021/6/2, 15:5:15, 37.8750, 37.9375, 37.6250
2021/6/2, 15:5:20, 37.8125, 37.8750, 37.6250
2021/6/2, 15:5:25, 37.8125, 37.8750, 37.5625
2021/6/2, 15:5:30, 37.7500, 37.8750, 37.5000
2021/6/2, 15:5:35, 37.7500, 37.8750, 37.5000
2021/6/2, 15:5:40, 37.7500, 37.8125, 37.4375
2021/6/2, 15:5:45, 37.7500, 37.8750, 37.4375
2021/6/2, 15:5:50, 37.6875, 37.8125, 37.4375
2021/6/2, 15:5:55, 37.6875, 37.8125, 37.3125
2021/6/2, 15:6:0, 37.6875, 37.7500, 37.3125
2021/6/2, 15:6:5, 37.6250, 37.7500, 37.3125
2021/6/2, 15:6:10, 37.6250, 37.7500, 37.2500
2021/6/2, 15:6:15, 37.5625, 37.6875, 37.2500
2021/6/2, 15:6:20, 37.5625, 37.6875, 37.2500
2021/6/2, 15:6:25, 37.5000, 37.6250, 37.1875
2021/6/2, 15:6:30, 37.5000, 37.6875, 37.1875
2021/6/2, 15:6:35, 37.4375, 37.6250, 37.1875
2021/6/2, 15:6:40, 37.3750, 37.6250, 37.1250
